"Reference","Qty","Value","DNP","Footprint","JLCPCB Part No"
"C1","1","1uF","","a_capacitors:C1206","C1848"
"C2","1","2.2uF","","a_capacitors:C1206","C50254"
"D1,D2,D3,D4,D5,D6,D7,D8,D9,D10,D11,D12,D13,D14,D15,D16,D17,D18,D19,D20,D21,D22,D23,D24,D25,D26,D27,D28","28","LED","","fir3fly:LED-SMD_3P-L5.7-W3.0-RD","C210347"
"J1","1","INPUT","","Connector_PinHeader_2.54mm:PinHeader_1x06_P2.54mm_Horizontal","C492414"
"J2","1","OUTPUT","","Connector_PinSocket_2.54mm:PinSocket_1x06_P2.54mm_Horizontal","C2897388"
"R1,R2,R3,R4","4","100kΩ","","Resistor_SMD:R_0603_1608Metric","C25803"
"R5","1","1kΩ","","Resistor_SMD:R_0603_1608Metric","C21190"
"U1","1","AP2112K-3.3","","Package_TO_SOT_SMD:SOT-23-5","C23380830"
"U3","1","STP16CPC26T","","Package_SO:TSSOP-24_4.4x7.8mm_P0.65mm","C967654"
