"Net Name";"Netclass";"Net Length (mm)";"Via Count";"Via Length (mm)";"Track Length (mm)";"Die Length (mm)";"Pad Count";"F.Cu (mm)";"B.Cu (mm)";
"/CLK";"Default";155.3543;4;6.3200;149.0343;0.0000;4;39.6700;109.3643;
"GND";"Default";161.3838;2;3.1600;158.2238;0.0000;14;34.9094;123.3144;
"/6V5";"POWER and Default";15.3645;0;0.0000;15.3645;0.0000;19;15.3645;0.0000;
"Net-(D21-A)";"Default";6.6063;0;0.0000;6.6063;0.0000;2;6.6063;0.0000;
"Net-(D23-K)";"DRV_OUT and Default";30.1713;0;0.0000;30.1713;0.0000;2;30.1713;0.0000;
"Net-(D23-A)";"Default";6.6068;0;0.0000;6.6068;0.0000;2;6.6068;0.0000;
"Net-(D13-A)";"Default";3.2312;0;0.0000;3.2312;0.0000;2;3.2312;0.0000;
"Net-(D11-K)";"DRV_OUT and Default";63.3785;0;0.0000;63.3785;0.0000;2;63.3785;0.0000;
"Net-(D11-A)";"Default";4.1617;0;0.0000;4.1617;0.0000;2;4.1617;0.0000;
"/3V3";"Default";114.0061;2;3.1600;110.8461;0.0000;3;43.9408;66.9054;
"/OE";"Default";166.3773;3;4.7400;161.6373;0.0000;4;30.8670;130.7704;
"Net-(D5-A)";"Default";3.7046;0;0.0000;3.7046;0.0000;2;3.7046;0.0000;
"Net-(D3-K)";"DRV_OUT and Default";53.0947;0;0.0000;53.0947;0.0000;2;53.0947;0.0000;
"Net-(D3-A)";"Default";3.4881;0;0.0000;3.4881;0.0000;2;3.4881;0.0000;
"Net-(D27-K)";"DRV_OUT and Default";33.0260;0;0.0000;33.0260;0.0000;2;33.0260;0.0000;
"Net-(D27-A)";"Default";3.9546;0;0.0000;3.9546;0.0000;2;3.9546;0.0000;
"Net-(D25-A)";"Default";3.4433;0;0.0000;3.4433;0.0000;2;3.4433;0.0000;
"/SDI";"Default";91.7679;2;3.1600;88.6079;0.0000;3;12.0972;76.5107;
"/LATCH";"Default";163.4691;6;9.4800;153.9891;0.0000;4;33.6634;120.3257;
"Net-(D15-A)";"Default";6.7297;0;0.0000;6.7297;0.0000;2;6.7297;0.0000;
"Net-(D1-A)";"Default";6.5848;0;0.0000;6.5848;0.0000;2;6.5848;0.0000;
"Net-(D13-K)";"DRV_OUT and Default";50.2741;0;0.0000;50.2741;0.0000;2;50.2741;0.0000;
"/SDO";"Default";98.5779;1;1.5800;96.9979;0.0000;2;22.7839;74.2139;
"Net-(D17-A)";"Default";4.0655;0;0.0000;4.0655;0.0000;2;4.0655;0.0000;
"Net-(D10-K)";"Default";6.6131;0;0.0000;6.6131;0.0000;2;6.6131;0.0000;
"Net-(D19-K)";"DRV_OUT and Default";33.6469;0;0.0000;33.6469;0.0000;2;33.6469;0.0000;
"Net-(D19-A)";"Default";3.7396;0;0.0000;3.7396;0.0000;2;3.7396;0.0000;
"Net-(D1-K)";"DRV_OUT and Default";15.2416;0;0.0000;15.2416;0.0000;2;15.2416;0.0000;
"Net-(D25-K)";"DRV_OUT and Default";26.8862;0;0.0000;26.8862;0.0000;2;26.8862;0.0000;
"Net-(D21-K)";"DRV_OUT and Default";41.0672;0;0.0000;41.0672;0.0000;2;41.0672;0.0000;
"Net-(D5-K)";"DRV_OUT and Default";72.0016;0;0.0000;72.0016;0.0000;2;72.0016;0.0000;
"Net-(D7-K)";"DRV_OUT and Default";65.5537;0;0.0000;65.5537;0.0000;2;65.5537;0.0000;
"Net-(D7-A)";"Default";6.6131;0;0.0000;6.6131;0.0000;2;6.6131;0.0000;
"Net-(D9-K)";"DRV_OUT and Default";66.6942;0;0.0000;66.6942;0.0000;2;66.6942;0.0000;
"Net-(D15-K)";"DRV_OUT and Default";23.4818;0;0.0000;23.4818;0.0000;2;23.4818;0.0000;
"Net-(D17-K)";"DRV_OUT and Default";33.7175;0;0.0000;33.7175;0.0000;2;33.7175;0.0000;
"Net-(U3-R-EXT)";"Default";2.1196;0;0.0000;2.1196;0.0000;2;2.1196;0.0000;
