Designator,Mid X,Mid Y,Rotation,Layer
C1,96.2,-136.175,180.0,top
C2,93.4,-132.0,90.0,top
D1,60.889984,-79.575,180.0,top
D10,64.916616,-125.825,180.0,top
D11,87.85,-116.575,90.0,top
D12,90.1,-108.075,90.0,top
D13,92.35,-99.075,90.0,top
D14,94.2,-91.339872,90.0,top
D15,84.6,-79.575,180.0,top
D16,72.6,-79.575,180.0,top
D17,96.35,-69.075,90.0,top
D18,97.8,-60.339872,90.0,top
D19,99.85,-51.624848,90.0,top
D2,49.034976,-79.575,180.0,top
D20,101.6,-43.339872,90.0,top
D21,93.764872,-31.075,180.0,top
D22,81.888291,-31.075,180.0,top
D23,70.099848,-31.175,180.0,top
D24,58.235128,-31.075,180.0,top
D25,45.6,-48.575,90.0,top
D26,47.6,-40.689872,90.0,top
D27,42.1,-66.075,90.0,top
D28,43.85,-57.575,90.0,top
D3,36.6,-97.439872,90.0,top
D4,38.6,-89.509976,90.0,top
D5,32.6,-114.439872,90.0,top
D6,34.35,-106.189872,90.0,top
D7,53.033232,-125.825,180.0,top
D8,41.149848,-125.825,180.0,top
D9,76.8,-125.825,180.0,top
H1,31.6,-23.575,0.0,top
H2,104.1,-23.575,0.0,top
H3,67.475,-140.45,0.0,top
J1,103.965,-139.2,0.0,top
J2,37.6,-139.175,0.0,top
R1,98.4,-142.6,180.0,top
R2,96.0,-140.6,180.0,top
R3,97.375,-138.375,180.0,top
R4,63.375,-67.4,180.0,top
R5,64.6,-57.4,0.0,top
U1,96.8,-132.7625,0.0,top
U3,66.2,-62.175,0.0,top
